{
  "project_info": {
    "project_number": "860380761876",
    "project_id": "shandroidtoolutils"
  },
  "client": [
    {
      "client_info": {
        "mobilesdk_app_id": "1:860380761876:android:d5b78e864556736f",
        "android_client_info": {
          "package_name": "com.swein.shandroidtoolutils"
        }
      },
      "oauth_client": [],
      "api_key": [
        {
          "current_key": "AIzaSyDHQdTXss5X0yA7xjQtRReuCp__tB2xjKw"
        }
      ],
      "services": {
        "analytics_service": {
          "status": 2,
          "analytics_property": {
            "tracking_id": "UA-87415315-2"
          }
        },
        "appinvite_service": {
          "status": 1,
          "other_platform_oauth_client": []
        },
        "ads_service": {
          "status": 1
        }
      }
    }
  ],
  "configuration_version": "1"
}